date,S,E,I1,I2,R,beta
2020-02-18,5401000.194350235,51.1334231179473,11.74539209757717,0.0,0.0,5.000058210343574
2020-02-19,5400979.254580838,65.09733100551718,15.458691365646718,2.247127393592982,1.0155161497645744,3.9530205033508836
2020-02-20,5400969.71376077,70.28638905971121,17.793219249241204,3.296192860385494,1.983940541133507,3.8332984849054696
2020-02-21,5400959.527494641,76.06503234094555,19.852436441797604,4.632226650887977,2.9966822039766563,3.655737231705218
2020-02-22,5400962.54482268,73.97718686948568,19.35340323503778,4.218086626331285,2.9804793457031358,3.9320186446939704
2020-02-23,5400952.910235874,80.33973276437763,21.037449202429443,5.159123441416604,3.6280354497476957,3.7529825800281045
2020-02-24,5400939.027781832,89.14490558112733,23.619708604410707,6.504308661410669,4.778673534749149,3.5963758607964813
2020-02-25,5400911.370926939,105.77402600250348,28.950623420751718,9.525873336925411,7.455422088003383,3.199480204190789
2020-02-26,5400867.847886039,130.63963939856333,37.52499443363792,14.42522228286052,12.641434591686473,2.7488994232863417
2020-02-27,5400813.642943822,160.15998613728686,48.07114974987148,20.565820305632606,20.642032538464253,2.4627246698491083
2020-02-28,5400728.128662154,205.52326821909864,64.57281127541386,30.276012676774357,34.585427272180816,2.0291360490200083
2020-02-29,5400601.734703371,270.3290464152738,88.66010496962842,44.591824476624325,57.7765940185087,1.6262286280303286
2020-03-01,5400441.382347749,349.1865980166812,118.58857420386087,62.61892297250166,91.32326189277984,1.4203673238497323
2020-03-02,5400242.511464084,443.79098223656723,154.7972420900646,84.70656481300294,137.30232213146581,1.308726297959042
2020-03-03,5399997.3748949645,557.3283295362801,198.43175613350732,111.56024787415257,198.42386660138456,1.2400032121384323
2020-03-04,5399697.230820029,693.1213442770875,250.86336698274644,144.0330890953342,277.88282435552196,1.1932655930692289
2020-03-05,5399332.382893208,854.5624683291751,313.62059068696374,183.12918378641663,379.45061788269027,1.1580691519642299
2020-03-06,5398892.281195923,1045.0087062158118,388.3297399762889,229.98276957128576,507.5596734354502,1.1286920737217279
2020-03-07,5398365.681895454,1267.6494077432021,476.6537121720698,285.8254113412577,667.369997354925,1.1019188647919014
2020-03-08,5397740.861863456,1525.3560373593841,580.2256349993213,351.94512869121496,864.8120047407599,1.0759833413224718
2020-03-09,5397005.890926124,1820.5158936239918,700.5757630230441,429.63863909779394,1106.6014012914038,1.0499956910903863
2020-03-10,5396148.940403199,2154.8730406811637,839.0529715026559,520.1572036556419,1400.2223748575743,1.0236236480423273
2020-03-11,5395158.586546889,2529.411417280726,996.7483312399125,624.6480434206859,1753.876071253593,0.996897820833157
2020-03-12,5394024.076210672,2944.298668003796,1174.4312165778097,744.0958471879236,2176.3935016331857,0.9700504860155775
2020-03-13,5392735.531725435,3398.896946389521,1372.5062663882527,879.2702970949233,2677.1154071235355,0.9433975134291169
2020-03-14,5391284.090257337,3891.828580468474,1590.9961329534701,1030.685442614111,3265.7451401500207,0.9172486972199766
2020-03-15,5389662.00071781,4421.063067401627,1829.5478226900773,1198.5747025633002,3952.1834349603123,0.8918472906833285
2020-03-16,5387862.684835367,4984.015401334203,2087.4559240247727,1382.881700859602,4746.3549616366745,0.8673636431970833
2020-03-17,5385880.765463225,5577.649884521927,2363.6981929751505,1583.2652208285324,5658.035675895954,0.8438989158597515
2020-03-18,5383712.076687088,6198.575832297428,2656.9777722644967,1799.1157172282722,6696.688279686544,0.8215000873164283
2020-03-19,5381353.662172883,6843.1311603048725,2965.7674846151717,2029.5801454898378,7871.31116317325,0.8001804553017509
2020-03-20,5378803.772100936,7507.4475703410835,3288.352125851418,2273.5916947331702,9190.304253165328,0.7799349625326019
2020-03-21,5376061.88077292,8187.481838687202,3622.864231626164,2529.900982851452,10661.353141898222,0.7607417971348187
2020-03-22,5373128.752981992,8878.996221557543,3967.307010047234,2797.1047367572446,12291.330677036916,0.7425587407154286
2020-03-23,5370006.5769221755,9577.48425584087,4319.558384055974,3073.6673435180187,14086.212631792654,0.7253147056975568
2020-03-24,5366699.164094994,10278.054817705597,4677.353217978719,3357.930949339901,16051.00139227273,0.7089038974404901
2020-03-25,5363212.1913284045,10975.306386670785,5038.247030960706,3648.1116458696774,18189.649763502337,0.6931874776533032
2020-03-26,5359553.452031992,11663.222890613013,5399.569896190838,3942.282575839309,20504.976862828906,0.6779992611174797
2020-03-27,5355733.05274752,12335.144317792816,5758.383376272116,4238.3481326766605,22998.569852713586,0.6631652935001342
2020-03-28,5351763.4947887035,12983.844873910635,6111.461171331686,4534.018123273742,25670.669373283425,0.6485213360019094
2020-03-29,5347659.625521329,13601.706361410908,6455.30586120487,4826.792799278579,28520.04315437077,0.6339299530493113
2020-03-30,5343438.460215704,14180.96351962291,6786.204870285595,5113.967201637733,31543.858552944315,0.6192918994711907
2020-03-31,5339118.914518742,14713.969343041954,7100.319140590978,5392.658913088893,34737.56835623958,0.6045463491708294
2020-04-01,5334721.4591028895,15193.468470448817,7393.791877412306,5659.857711389134,38094.824368442045,0.5896775960078856
2020-04-02,5330267.676149325,15612.89360355846,7662.873844868256,5912.49391488778,41607.4308870032,0.5747188918955779
2020-04-03,5325779.708452168,15966.688013393457,7904.063548500277,6147.523403399805,45265.34790772095,0.5597549314740081
2020-04-04,5321279.582659424,16250.6648053034,8114.262684364171,6362.028460452451,49056.75234963023,0.5449233871700679
2020-04-05,5316788.397498355,16462.40192795767,8290.94889112529,6553.334724710027,52968.16514050777,0.5304141800407516
2020-04-06,5312325.425585114,16601.619125548965,8432.362541354956,6719.144218861097,56984.65262799684,0.5164611283337335
2020-04-07,5307907.252120622,16670.433603260593,8537.685280753656,6857.6791269091045,61090.109851901456,0.5033196018235675
2020-04-08,5303547.090442916,16673.402486635277,8607.174961526518,6967.822193841234,65267.62710854622,0.4912396467195908
2020-04-09,5299254.308861128,16617.377251278132,8642.227561418556,7049.232804213738,69499.93061101862,0.48045397733926903
2020-04-10,5295034.205558941,16511.176845361184,8645.360704903645,7102.421232715916,73769.87658682803,0.47116138906689703
2020-04-11,5290888.088750974,16365.07099883054,8620.111344781737,7128.768858118629,78060.96982048426,0.46351544247124815
2020-04-12,5286813.568286735,16190.199953670997,8570.856912241521,7130.487304613544,82357.87197780532,0.4576279395726602
2020-04-13,5282804.928545454,15998.057139088056,8502.593945092141,7110.52119884492,86646.8646409226,0.45358001660989
2020-04-14,5278853.5519473795,15800.043481420127,8420.708238148949,7072.41057122436,90916.2389312539,0.4514225232520948
2020-04-15,5274948.439176969,15607.035961607124,8330.74818804026,7020.130125029421,95156.59410383887,0.4511639809750594
2020-04-16,5271076.840731694,15428.956993417029,8238.199045608566,6957.916146108693,99361.0354565327,0.45275667723635604
2020-04-17,5267224.998906296,15274.344620227546,8148.25845426147,6890.086972960238,103525.26613712787,0.4560747105964883
2020-04-18,5263378.9784351,15149.943910993972,8065.614052208575,6820.86047829687,107647.57003293384,0.46089986882902806
2020-04-19,5259525.552217655,15060.34315462233,7994.2303624181,6754.1722533831,111728.68479217205,0.46691293596726746
2020-04-20,5255653.065850266,15007.713809865609,7937.155544475648,6693.4995185150965,115771.5667359873,0.473705560413598
2020-04-21,5251752.186409462,14991.709987089132,7896.371087639121,6641.7001170414105,119781.05397133002,0.4808008870576777
2020-04-22,5247816.588476092,15009.441906173877,7872.692348741345,6600.878044364805,123763.4408739168,0.4876648334210338
2020-04-23,5243843.547512141,15055.540095510742,7865.710546209231,6572.280231631754,127725.98180926433,0.4937477849048561
2020-04-24,5239834.333826536,15122.379439176406,7873.790082814802,6556.22870416486,131676.34371558405,0.49853056631493675
2020-04-25,5235794.438320347,15200.397248680167,7894.126055163309,6552.094299824404,135622.0311133128,0.5015557914716176
2020-04-26,5231733.61647516,15278.49994569343,7922.8532001242775,6558.313067408364,139569.81016078134,0.5024650262372269
2020-04-27,5227665.668465999,15344.60887622426,7955.211389165089,6572.445358151342,143525.15822438238,0.5010293564445453
2020-04-28,5223607.901112801,15386.359556138797,7985.776947865491,6591.281078903137,147491.76619488103,0.49717092394012474
2020-04-29,5219580.222119592,15391.964024669787,8008.7652918490885,6610.995816577799,151471.12322672343,0.4909810886327287
2020-04-30,5215603.923652913,15351.145799754393,8018.402386894983,6627.361580126714,155462.21605162008,0.4827061950299954
2020-05-01,5211700.369287472,15255.940283730133,8009.3307447100415,6636.007481421086,159461.3749185305,0.47270545153062393
2020-05-02,5207889.748675579,15101.251691204616,7976.991890031487,6632.709004526481,163462.29019450737,0.46141018006586904
2020-05-03,5204190.017625173,14885.11603223243,7917.941285735112,6613.67507528103,167456.2071906888,0.44927868205927135
2020-05-04,5200616.1198459035,14608.654390605037,7830.058779840522,6575.801235240255,171432.28737901116,0.43675821447953395
2020-05-05,5197179.464994209,14275.813179005427,7712.640347264725,6516.8625130564305,175378.1053598997,0.42426962223263853
2020-05-06,5193887.651264132,13892.949569505534,7566.381785530519,6435.632316207487,179280.23813636374,0.412193619323932
2020-05-07,5190744.457965233,13468.276821212752,7393.265380250185,6331.923815658478,183124.8990516712,0.4008600145696779
2020-05-08,5187750.06832207,13011.2399161039,7196.364229636178,6206.555647312264,186898.56925738388,0.39054579258490096
2020-05-09,5184901.469894226,12531.882464712944,6979.590658465729,6061.250769220724,190588.58307229646,0.3814703690128897
2020-05-10,5182192.9990234645,12040.23453841219,6747.414056316694,5898.483318967863,194183.63098508792,0.37379156476240416
2020-05-11,5179616.969817744,11545.76911278833,6504.569830946238,5721.2900766043385,197674.15382015673,0.3676025351176216
2020-05-12,5177164.326738206,11056.963833247468,6255.782355933544,5533.063754113905,201052.61217923914,0.3629320954562275
2020-05-13,5174825.25654018,10581.000426454453,6005.521799751995,5337.345282360914,204313.6260305575,0.359752958666633
2020-05-14,5172589.706334122,10123.615689892338,5757.812518438162,5137.631418637341,207453.98972591732,0.35798914283420463
2020-05-15,5170447.792496678,9689.082278507307,5516.10169820163,4937.211118310012,210472.5773588144,0.3575237451397553
2020-05-16,5168390.092589129,9280.296017003458,5283.188844726678,4739.039201642303,213370.1604457068,0.3582135307637656
2020-05-17,5166407.863524341,8898.90453475377,5061.208882609394,4545.650957972434,216149.1634586874,0.3598888985164991
2020-05-18,5164493.233097265,8545.427835165097,4851.649131481959,4359.114663975932,218813.38225653477,0.3623534697714744
2020-05-19,5162639.357095909,8219.38063745906,4655.385269914767,4181.014188287893,221367.68608307018,0.3653871357672415
2020-05-20,5160840.555908961,7919.383590917892,4472.727928633226,4012.453543637618,223817.71860564896,0.36874008853696083
2020-05-21,5159092.439448878,7643.259145593416,4303.472110364118,3854.075782937964,226169.6088109861,0.3721348357941643
2020-05-22,5157392.009008856,7388.124977416577,4146.947218288454,3706.090355075033,228429.69834102673,0.37526828926944916
2020-05-23,5155737.719863854,7150.500631328427,4002.067999136996,3568.305461566569,230604.2889576911,0.3778212452395997
2020-05-24,5154129.467897068,6926.4570650036385,3867.3918389830988,3440.164672542139,232699.41248006705,0.37948128299815137
2020-05-25,5152568.478087853,6711.81789333606,3741.190513539392,3320.790156378741,234720.62609443173,0.3799679862483067
2020-05-26,5151057.113449817,6502.382748607301,3621.5390883735877,3209.035871985574,236672.8379748774,0.3790504844214189
2020-05-27,5149598.640640812,6294.136084562935,3506.415245862573,3103.5514974652306,238560.16961439128,0.37655783816987526
2020-05-28,5148196.962497285,6083.436911301269,3393.800398665541,3002.854372643717,240385.8604996228,0.3723933390315316
2020-05-29,5146856.304792829,5867.205211785956,3281.779623034953,2905.4059279683897,242152.2185752384,0.36655112782662785
2020-05-30,5145580.865233945,5643.098195556373,3168.6398718633877,2809.6902306556754,243860.61822850676,0.359120931328827
2020-05-31,5144374.436585233,5409.6694260961995,3052.963234568844,2714.2924451508898,245511.54631119585,0.3502944640080766
2020-06-01,5143240.013270068,5166.505744459234,2933.713786999454,2617.9753362435063,247104.6952498435,0.3403674276521381
2020-06-02,5142179.410489172,4914.3215499872185,2810.3135952529456,2519.7519522958387,248639.10093856373,0.32973989875828624
2020-06-03,5141192.960840406,4654.961949148902,2682.698748348009,2418.951083717381,250113.32143518384,0.3188899327616037
2020-06-04,5140279.369776384,4391.264675753033,2551.338260455186,2315.268271495289,251525.64960860438,0.3083266179798164
2020-06-05,5139435.740845731,4126.806332234576,2417.201971674254,2208.791897458084,252874.3476107597,0.29855520080553355
2020-06-06,5138657.744234,3865.5824138725648,2281.6798694718345,2099.996869051144,254157.88525811132,0.29004422998396473
2020-06-07,5137939.895753754,3611.6657940251835,2146.463030733652,1989.7044865565651,255375.1617193881,0.283206699258826
2020-06-08,5137275.876123249,3368.9107506125843,2013.40428310881,1879.01298402855,256525.69101004628,0.2784053317038596
2020-06-09,5136658.829805296,3140.744280143771,1884.3818491000013,1769.209020396968,257609.73672479062,0.27596536291007023
2020-06-10,5136081.607867337,2930.0554406694732,1761.1844074815606,1661.6732658465774,258628.389222667,0.27619603914493845
2020-06-11,5135536.94381763,2739.1685639748193,1645.4288413580618,1557.7926285796473,259583.5866399973,0.27939930761342807
2020-06-12,5135017.577072875,2569.8678342057974,1538.511575901511,1458.8880893352432,260478.08770313233,0.285862545481087
2020-06-13,5134516.350500616,2423.4376122625295,1441.5871996355424,1366.1620155840926,261315.4079448153,0.29581849434115126
2020-06-14,5134026.304145016,2300.6960454289147,1355.5637167416,1280.6639317718086,262099.73135694984,0.3093933887539715
2020-06-15,5133540.75612292,2202.032386210689,1281.1068750457182,1203.2708861010715,262835.8074938928,0.3265693532034235
2020-06-16,5133053.361640119,2127.4545967890967,1218.6519986798762,1134.6789034009985,263528.84157494,0.3471450945349858
2020-06-17,5132558.151473467,2076.6439659113794,1168.421863893495,1075.403085256597,264184.3834172288,0.37071121987719835
2020-06-18,5132049.5412028,2049.0229626903233,1130.4502626623691,1025.7846687659205,264808.2197374305,0.39665492533189645
2020-06-19,5131522.30910498,2043.8345377131159,1104.6120462967865,986.0043527132566,265406.27359358274,0.42419628994913894
2020-06-20,5130971.568672141,2060.206767331497,1090.656967818167,956.1012690643993,265984.5144032943,0.45243071254780204
2020-06-21,5130392.77424346,2097.1728457359677,1088.2388892476818,935.9950405115657,266548.88103905076,0.4803740087181513
2020-06-22,5129781.779390315,2153.6402288344675,1096.9315570278086,925.5061394003361,267105.21814499923,0.5070206033293155
2020-06-23,5129134.945196458,2228.323626393835,1116.2270505201695,924.3695776899397,267659.2227087717,0.5314153494659902
2020-06-24,5128449.279911342,2319.666686820141,1145.5189662668945,932.2389268971477,268216.39550938644,0.552730686333461
2020-06-25,5127722.577318795,2425.7838012762745,1184.0775876225935,948.6807635185534,268781.9913322404,0.570340345667463
2020-06-26,5126953.527161862,2544.4400880321177,1231.0271048635752,973.1629025612135,269360.9631161509,0.5838605605926276
2020-06-27,5126141.780264182,2673.075917215588,1285.3327964341763,1005.0415029742024,269957.8980383685,0.5931640155446265
2020-06-28,5125287.951250664,2808.8801888502003,1345.8044219794124,1043.5523814528112,270576.9468312157,0.5983649473389095
2020-06-29,5124393.571845903,2948.88863117901,1411.1176785550203,1087.8110750379815,271221.75067880313,0.5997563121125394
2020-06-30,5123461.024087409,3090.076196166183,1479.8475982800642,1136.8231912149115,271895.3718654375,0.5977364392400756
2020-07-01,5122493.477172605,3229.4241906535335,1550.5055939345527,1189.5031666942873,272600.23398800095,0.5927393517459422
2020-07-02,5121494.838026797,3363.960075499484,1621.5723982427048,1244.6973680861333,273338.07554249844,0.585190456420371
2020-07-03,5120469.704546277,3490.786335397293,1691.524444081343,1301.2074721145964,274109.9180468229,0.5754862906416861
2020-07-04,5119423.297804616,3607.1222389420013,1758.8563905633014,1357.8120783514207,274916.0479400116,0.5639996294083935
2020-07-05,5118361.349668862,3710.3760110753365,1822.1062002187714,1413.287256468382,275756.0111787907,0.5510917835697324
2020-07-06,5117289.937587842,3798.2474361466,1879.8882392941248,1466.4286367054158,276628.6206676074,0.5371257312459989
2020-07-07,5116215.269196343,3868.8510153164575,1930.9368618838816,1516.077883894573,277531.9784497483,0.522472782142336
2020-07-08,5115143.441095842,3920.832430230163,1974.1583721041357,1561.1551684021272,278463.51602922607,0.5074990613123047
2020-07-09,5114080.198304871,3953.457125681006,2008.6837142425484,1600.6964981919357,279420.05630949547,0.4925535455063792
2020-07-10,5113030.726891724,3966.6480608243387,2033.913866933089,1633.8924990912176,280397.89901343524,0.47794527206744436
2020-07-11,5111999.503591967,3960.9648558962103,2049.548142341574,1660.123335674152,281392.92867620493,0.46393442373433935
2020-07-12,5110990.19528876,3937.54444826185,2055.5920694472647,1678.9844852703402,282400.7408307682,0.45073483909569056
2020-07-13,5110005.604495407,3898.015411385103,2052.3464821617704,1690.3003809895529,283416.77945646306,0.4385180290300347
2020-07-14,5109047.664442935,3844.3884913176526,2040.3803835584058,1694.1251581059862,284436.47772607696,0.42741441926785306
2020-07-15,5108117.479751352,3778.9327109586825,2020.4898538663967,1690.7308566575407,285455.39410730236,0.4175190447376297
2020-07-16,5107215.395878018,3704.055279684381,1993.6475233545148,1680.584406929109,286469.3365414266,0.4089007733204998
2020-07-17,5106341.084233223,3622.1957140346285,1960.9485382851835,1664.3160548765582,287474.4688156268,0.40160908148689406
2020-07-18,5105493.637547567,3535.7355146802097,1923.557615052996,1642.6826175013687,288467.39521214133,0.3956770171888632
2020-07-19,5104671.671561316,3446.9232062623732,1882.6599931464502,1616.5287479600536,289445.22156621946,0.3911207291997526
2020-07-20,5103873.430920606,3357.8130201144645,1839.4177570234442,1586.748690648865,290405.59261635336,0.38793568507101794
2020-07-21,5103096.8953392,3270.2176072134457,1794.9322168624842,1554.2502726498128,291346.7067651642,0.3860929410640709
2020-07-22,5102339.876619773,3185.6798655787047,1750.213410262358,1519.922455453072,292267.3101877276,0.38553986106614
2020-07-23,5101600.103881018,3105.4613513370987,1706.1579800758293,1484.607705325275,293166.6729541778,0.3861981416041454
2020-07-24,5100875.297023233,3030.5435234750826,1663.5350252079295,1449.0799941841615,294044.55047696526,0.387964871395066
2020-07-25,5100163.227726699,2961.639274946366,1622.9793220038134,1414.028678517113,294901.1338884933,0.3907129448682377
2020-07-26,5099461.765025808,2899.2152362501215,1584.9909665205087,1380.048058142509,295736.9929709622,0.3942988284123909
2020-07-27,5098768.903438648,2843.5239433133283,1549.9411979216784,1347.6323464203595,296553.015071321,0.3985694287845282
2020-07-28,5098082.780122243,2794.638052916083,1518.0829683566835,1317.1756376100525,297350.3431970069,0.40336718348729617
2020-07-29,5097401.683963578,2752.483726010965,1489.5643479320859,1288.9760143013787,298130.3160316869,0.4085376608169025
2020-07-30,5096724.057441273,2716.872580362406,1464.4434575715297,1263.242764201323,298894.4119724775,0.41393685446996614
2020-07-31,5096048.496900057,2687.527458729384,1442.7035857460212,1240.1056899917767,299644.19865881786,0.4194328233180942
2020-08-01,5095373.755036859,2664.1003571438728,1424.2667170431178,1219.6253450752738,300381.2887915047,0.42490709816432815
2020-08-02,5094698.744826979,2646.185049786086,1409.004732055805,1201.8031100388139,301107.3023029297,0.430255385754149
2020-08-03,5094022.54394592,2633.32645404415,1396.7483518671716,1186.5904039347,301823.8344126717,0.4353866278527359
2020-08-04,5093344.398519504,2625.0283766040593,1387.294357199694,1173.8967272138077,302532.4288678424,0.4402207026342515
2020-08-05,5092663.724555409,2620.761413173519,1380.4116720880086,1163.596550240621,303234.55563887075,0.44468716483858267
2020-08-06,5091980.103718551,2619.9740286636306,1375.8470255528546,1155.5352840443522,303931.59243224136,0.4487262942078479
2020-08-07,5091293.274844515,2622.104770103516,1373.3308510833422,1149.5347578248632,304624.80958634074,0.4522880371069912
2020-08-08,5090603.1262274245,2626.5910458972135,1372.5829307078793,1145.3984214263107,305315.35815671936,0.4553296000464565
2020-08-09,5089909.688140512,2632.8757324848943,1373.3173317146131,1142.916159952021,306004.2610370169,0.4578165283216662
2020-08-10,5089213.124907465,2640.41253219076,1375.2467260222725,1141.8686330971937,306692.4068700239,0.45972332716825437
2020-08-11,5088513.726426605,2648.6705494253497,1378.086051753636,1142.0311167831403,307380.54644386185,0.46103690154295685
2020-08-12,5087811.896704989,2657.14035533847,1381.555927914849,1143.1769078643379,308069.29127403273,0.4617599046537099
2020-08-13,5087108.272030466,2665.219631733518,1385.376352437086,1145.0793349089604,308759.1140130492,0.46173651770741797
2020-08-14,5086403.733696359,2672.232523299961,1389.2420071845852,1147.5054315209416,309450.3475025955,0.4609803135400403
2020-08-15,5085699.237378595,2677.594146262252,1392.8384088002906,1150.211389280915,310143.17927105265,0.4595833369447697
2020-08-16,5084995.749823532,2680.842709995256,1395.8703040284788,1152.9494023465315,310837.64746125764,0.45764871348416536
2020-08-17,5084294.245419317,2681.6135241884476,1398.077005846908,1155.4792394023261,311533.64333478425,0.45526716362098907
2020-08-18,5083595.534820499,2679.7742156723484,1399.2485099833,1157.5789782687707,312230.92066325544,0.45273947667566045
2020-08-19,5082900.214007958,2675.404102417949,1399.2615220298794,1159.0625639488806,312929.1135717092,0.45018104165980066
2020-08-20,5082208.770243182,2668.6578705313345,1398.0681310404634,1159.7931966336334,313627.76489555795,0.447699929516499
2020-08-21,5081521.553820487,2659.773492851882,1395.6822139402282,1159.6852098576828,314326.35822507803,0.44539641194685
2020-08-22,5080838.753292572,2649.075363954377,1392.1721804030585,1158.7019382203853,315024.34893327154,0.4433664660188712
2020-08-23,5080160.371501378,2636.9759282176046,1387.6571128924672,1156.8529566234408,315721.1931385211,0.44170333399638495
2020-08-24,5079486.207738161,2623.9712702002075,1382.3043018008593,1154.1917105869172,316416.37478696817,0.44049407004393243
2020-08-25,5078815.850579665,2610.6282105976106,1376.3259593235648,1150.8133239593772,317109.4311964168,0.43981738315204705
2020-08-26,5078148.677760996,2597.5683090036646,1369.9740963479528,1146.8518771215086,317799.9770246661,0.4397452418676137
2020-08-27,5077483.860688996,2585.451414644898,1363.5341148820326,1142.4767812829016,318487.7262374117,0.4403411733387497
2020-08-28,5076820.374348738,2574.958265605016,1357.3174197884468,1137.88824421961,319172.51152427425,0.4416583565675172
2020-08-29,5076157.012090913,2566.7727517780286,1351.6533584913223,1133.3119464634303,319854.3006318453,0.44373677945302703
2020-08-30,5075492.4035163885,2561.565584545544,1346.8807995359812,1128.9930780616298,320533.2091944799,0.44660074248499276
2020-08-31,5074825.037226633,2559.977308926236,1343.3397050537742,1125.1899584012494,321209.50977833907,0.450250259894589
2020-09-01,5074153.289755708,2562.5998701327544,1341.3622826217743,1122.167340866434,321883.6369261917,0.4546560910991691
2020-09-02,5073475.458050632,2569.9592668549126,1341.2639812411203,1120.1894560725177,322556.1879847789,0.459756992698226
2020-09-03,5072789.793316417,2582.501018623018,1343.334766777902,1119.5129353092225,323227.9195946961,0.46546167230408736
2020-09-04,5072094.53233104,2600.581240695999,1347.8314549128718,1120.3798878015289,323899.73989263596,0.4716535249687827
2020-09-05,5071387.9279825315,2624.460349667909,1354.9716216515067,1123.011561895552,324572.696697609,0.4781919486856765
2020-09-06,5070668.280835031,2654.2974021249793,1364.9286099997055,1127.6028033319933,325247.96214285307,0.4849190343148857
2020-09-07,5069933.966561335,2690.149477066341,1377.8278309928394,1134.3173634475138,325926.81425430754,0.49167291556247267
2020-09-08,5069183.459180549,2731.9746897114405,1393.7449952600732,1143.284301434881,326610.61606698064,0.49829536544105923
2020-09-09,5068415.354772112,2779.633906957581,1412.7056759818781,1154.595587998436,327300.7930291405,0.5046376400621364
2020-09-10,5067628.393548929,2832.893551201253,1434.6854863178621,1168.3046743183588,327998.809380478,0.5105692025936404
2020-09-11,5066821.480390617,2891.42900267009,1459.6109263068963,1184.425848693393,328706.14401276904,0.5159795017691076
2020-09-12,5065993.7073510215,2954.82558512589,1487.3602246883795,1202.9341653198564,329424.2662057927,0.5207773614569257
2020-09-13,5065144.371881722,3022.583363408582,1517.764259625257,1223.7656547133392,330154.6114776449,0.5248967075931777
2020-09-14,5064272.982615168,3094.131858004438,1550.6091871839017,1246.818010764648,330898.55777533934,0.5283014630224121
2020-09-15,5063379.248307086,3168.8563163830404,1585.6422927807942,1271.9524490648976,331657.40255638096,0.5309882008084779
2020-09-16,5062463.057234287,3246.1259358997545,1622.581531172174,1298.9975423729543,332432.3417935402,0.5329772431451606
2020-09-17,5061524.459113516,3325.313143435808,1661.1262915401946,1327.7550371876655,333224.4521930495,0.5343025265931295
2020-09-18,5060563.649434402,3405.8062852901858,1700.967155281726,1358.0067130726732,334034.6775535015,0.5350065369004519
2020-09-19,5059580.9508219985,3487.0220996824182,1741.7943203057744,1389.521334180744,334863.81955493276,0.5351411214796166
2020-09-20,5058576.790528228,3568.418695297535,1783.3053566214498,1422.0613302342006,335712.5328513623,0.5347671447430178
2020-09-21,5057551.67891259,3649.5047780423947,1825.2120474162452,1455.389102196934,336581.3242143562,0.5339515983353175
2020-09-22,5056506.186616695,3729.848297821457,1867.2460241475915,1489.2727123791462,337470.5553870731,0.5327696958712683
2020-09-23,5055440.911137438,3809.0926711629945,1909.1646368337294,1523.4910305494336,338380.44927486,0.531311008062205
2020-09-24,5054356.428323531,3886.9825107945635,1950.7589803050525,1557.8390510094196,339311.0993792321,0.5296829117087634
2020-09-25,5053253.231969309,3963.393724174238,1991.8647262284878,1592.1342724483372,340262.48289553507,0.5280084634419664
2020-09-26,5052131.660210202,4038.368439255368,2032.3753220729404,1626.2246186978928,341234.47827561805,0.5264284947424023
2020-09-27,5050991.808403656,4112.15370723351,2072.2576806859256,1659.9981715916495,342226.88822305424,0.5250974376227365
2020-09-28,5049833.432623633,4185.2398006060575,2111.569402896866,1693.3946720245967,343239.46917859936,0.5241807603929952
2020-09-29,5048655.845191648,4258.396571677558,2150.4770096663124,1726.4185020817888,344271.96821657673,0.5238514635162977
2020-09-30,5047457.805088137,4332.705689749113,2189.274238699007,1759.1527383363434,345324.1680455339,0.5242874583007249
2020-10-01,5046237.402883389,4409.590073869902,2228.3996426194494,1791.7736528588168,346395.9405451686,0.5256707861415458
2020-10-02,5044991.941545355,4490.83969366669,2268.4533346538606,1824.5651571626797,347487.3089659733,0.5281851895326777
2020-10-03,5043717.811684013,4578.636169462748,2310.212455888097,1857.9328056277577,348598.5186139069,0.5320167041979805
2020-10-04,5042410.357552484,4675.579657882987,2354.64604481763,1892.4172347314145,349730.1156546705,0.537352231564681
2020-10-05,5041063.739178259,4784.712826589408,2402.9293526429797,1928.7071217318103,350883.03373103886,0.5443728544900828
2020-10-06,5039670.795247061,4909.538974227126,2456.4564920341763,1967.6514206940758,352058.68807234813,0.5532423484351553
2020-10-07,5038222.916009816,5054.026932114662,2516.8505117136497,2010.2704765406156,353259.0764901484,0.5640845563978057
2020-10-08,5036709.960377237,5222.575158051427,2585.9664821260358,2057.7649351212626,354486.8861743043,0.5769434234501088
2020-10-09,5035120.246719479,5419.919393675651,2665.879291794297,2111.519312314434,355745.60384705185,0.5917483914314645
2020-10-10,5033440.635123941,5650.981084495992,2758.8503723442004,2173.095867108105,357039.6244566223,0.6082815718782378
2020-10-11,5031656.726805978,5920.647791319479,2867.2682591356747,2244.2143804862235,358374.350979991,0.6261536472457787
2020-10-12,5029753.206782781,6233.477991261598,2993.5586729679794,2326.7136764550473,359756.27530480345,0.6447906800905763
2020-10-13,5027714.34662323,6593.3328821429395,3140.060828881432,2422.491205564314,361193.0277405764,0.6634524152669842
2020-10-14,5025524.686069591,7002.935616884293,3308.8681108447563,2533.4179466710425,362693.38053988176,0.6812635982552414
2020-10-15,5023169.905711806,7463.364897884217,3501.6322103507155,2661.226577671657,364267.1892809817,0.6972665279618199
2020-10-16,5020637.845569848,7973.538384565148,3719.33748592421,2807.3726442188,365925.255334132,0.7105101618261465
2020-10-17,5017919.615057458,8529.73480549069,3962.062082048464,2972.8731656261957,367679.0940600549,0.720132883990887
2020-10-18,5015010.769924351,9125.166988246807,4228.740704040372,3158.1309796044975,369540.5977289512,0.7254256453789061
2020-10-19,5011912.1634574765,9749.954085345533,4516.966496261375,3362.756756150606,371521.5884010966,0.7260043376893948
2020-10-20,5008630.100202397,10391.712498470186,4822.93825352863,3585.4240170554517,373633.2712850206,0.7218962405997077
2020-10-21,5005175.795164377,11036.618365978562,5141.607712248596,3823.8060018499523,375885.62911225477,0.7135546949509249
2020-10-22,5001563.822481008,11671.130161555462,5467.050223403982,4074.6326327638944,378286.82360059884,0.7019038656229912
2020-10-23,4997810.188801401,12283.60960588094,5793.063974262294,4333.901970605827,380842.69042354083,0.688108047269308
2020-10-24,4993930.677508055,12865.335179375084,6113.793062368065,4597.217745969234,383556.42081921006,0.6733394775884896
2020-10-25,4989938.905314324,13411.547831495447,6424.306996580249,4860.184331460108,386428.48490227584,0.658696533526898
2020-10-26,4985844.653851097,13921.969461094535,6721.146208100315,5118.830840919819,389456.8116588401,0.6451203314480538
2020-10-27,4981653.460919655,14400.079567434159,7002.627321698,5370.009400308603,392637.21700003394,0.6331961054922879
2020-10-28,4977366.7578005325,14852.135215924602,7268.797895770892,5611.661105886962,395964.025765539,0.6232856249803608
2020-10-29,4972981.999090816,15286.429622451864,7521.230965007177,5842.914731204525,399430.7897473283,0.6156121890167623
2020-10-30,4968492.81989672,15712.682218124617,7762.7755490234,6064.064498834583,403031.0117359561,0.610218939859642
2020-10-31,4963890.861237668,16140.051559425221,7997.164720782128,6276.451962028343,406758.8172462995,0.6066892447406051
2020-11-01,4959167.237806004,16576.05315989361,8228.35584220212,6482.189914225382,410609.50546666904,0.60481674410622
2020-11-02,4954312.36220625,17027.091357652316,8460.165664071697,6683.82672764895,414579.89379395376,0.6042733525042921
2020-11-03,4949316.4118017685,17498.323075005515,8696.064954671345,6884.077371845363,418668.4614697004,0.6047295727575327
2020-11-04,4944172.98456014,17990.602246566035,8938.816351655152,7085.59575634145,422875.3401030498,0.6052671279434688
2020-11-05,4938876.684906584,18503.964091105147,9189.941313042882,7290.622665256091,427202.126741582,0.6063655426216765
2020-11-06,4933413.522690973,19046.162162673496,9451.119229165923,7500.968728591458,431651.56725658337,0.6092367093259589
2020-11-07,4927768.172154772,19623.92725348468,9725.214591101265,7718.562771412288,436227.46329287096,0.6125413152569891
2020-11-08,4921930.330191852,20238.202319255975,10014.518818747378,7945.472289926887,440934.81644385756,0.6160856554571095
2020-11-09,4915889.680258103,20889.73990407923,10320.580310169165,8183.54706539519,445779.7925258932,0.6197811621151652
2020-11-10,4909635.461627522,21579.51964490636,10644.510829683612,8434.308948786482,450769.53901274246,0.6235871017624908
2020-11-11,4903162.624585396,22303.040209122384,10986.755471343278,8698.935227336719,455911.9845704372,0.6262856091680111
2020-11-12,4896466.922121871,23056.584403765493,11346.344695344807,8977.944582921,461215.54425973835,0.6289912379833111
2020-11-13,4889530.375174292,23849.489435182742,11723.336067040742,9271.41102373187,466688.72836338443,0.6332246390730332
2020-11-14,4882333.75808772,24689.423784311184,12120.040741586752,9579.931515398972,472340.18593462487,0.6374845627206164
2020-11-15,4874864.782222522,25576.503717842945,12538.281546509827,9904.649043437077,478179.1235333287,0.6417711692980501
2020-11-16,4867110.281597534,26511.60153736809,12979.266112909885,10246.733946805904,484215.45686901995,0.6460846201302327
2020-11-17,4859056.374594466,27496.027667906794,13443.949061873778,10607.232281378305,490459.7564580176,0.6504250775005904
2020-11-18,4850698.7316437885,28522.004504216966,13932.464422501054,10986.986775446183,496923.15271768684,0.653225287110342
2020-11-19,4842034.406499219,29583.0745309449,14442.781557974655,11386.037384458543,503617.04009104596,0.6560027546073401
2020-11-20,4833040.932630608,30691.510579520662,14974.450951771225,11803.875384108538,510552.57051763486,0.6603445017621703
2020-11-21,4823694.368622865,31857.27111771057,15530.157382604375,12240.78680829119,517740.75613217324,0.6647129792095974
2020-11-22,4813979.844938366,33080.443914038384,16112.075487609518,12697.89005318003,525193.0856704451,0.6691083457310676
2020-11-23,4804010.316703673,34243.4286358026,16712.541362820495,13175.394777377545,532921.6585839746,0.6650694935803819
2020-11-24,4793838.419117771,35320.79517685662,17302.665585421262,13664.967173809833,540936.4930097905,0.6658647734443545
2020-11-25,4783406.510688996,36379.91326939004,17879.376573311496,14156.25232156972,549241.2872103668,0.665121130736213
2020-11-26,4772744.944999462,37399.55011508925,18440.573809996204,14643.391541436646,557834.8795976653,0.6631151249560727
2020-11-27,4761871.531191948,38374.95756592938,18982.04874018414,15121.843144534621,566712.9594210519,0.6616882766196378
2020-11-28,4750793.669891619,39310.72855946842,19502.19396119704,15587.93415133935,575868.8135000187,0.6604849979447408
2020-11-29,4739511.575932477,40215.94599162904,20002.208151905626,16039.576515841154,585294.0334717886,0.6601164318351651
2020-11-30,4728036.234199506,41086.46964582643,20484.57112293625,16476.463548596887,594979.601546779,0.6592824375779099
2020-12-01,4716376.845919094,41923.126746370115,20948.33218907531,16898.2804634475,604916.7547456544,0.6582086309966501
2020-12-02,4704537.057150147,42729.667549179794,21395.039022762627,17304.806472293345,615096.7698692641,0.6565416827007691
2020-12-03,4692545.809956988,43486.68151347317,21823.738591728175,17696.149512471336,625510.9604889739,0.6539256110590564
2020-12-04,4680407.014657436,44203.07329413221,22231.497390176934,18071.512415417466,636150.2423064782,0.6534626393194876
2020-12-05,4668107.935115435,44898.829609784465,22621.003299037482,18430.566353732465,647005.0056856578,0.6530075670785418
2020-12-06,4655661.018213379,45567.54240567821,22994.64827361781,18774.18324187284,658065.9479290985,0.6523902368284923
2020-12-07,4643060.690534517,46220.880675872046,23353.985251125952,19103.45561903404,669324.3279830946,0.6525114000494332
2020-12-08,4630290.105553119,46876.516208930385,23704.12226095807,19420.372281907574,680772.2237587243,0.65282311761602
2020-12-09,4617372.100298133,47513.237947953894,24047.200280604273,19727.498238813634,692403.3032981385,0.6514905451306192
2020-12-10,4604325.640666804,48120.337905809356,24379.41998681678,20025.66738288078,704212.2741213283,0.6508824155230243
2020-12-11,4591146.879320134,48707.79336882459,24700.337951253005,20314.61257699331,716193.7168464421,0.6498942256125932
2020-12-12,4577835.398499952,49280.431035184585,25010.94674705982,20594.442335040043,728342.1214464119,0.650181199528622
2020-12-13,4564390.733349425,49842.73647234079,25312.1685304968,20865.514787257507,740652.1869241244,0.6500968428043782
2020-12-14,4550814.625167838,50395.80398916384,25605.493723912517,21128.476396097893,753118.9407866237,0.6502812900783336
2020-12-15,4537119.559533925,50930.31158891583,25891.47312977196,21384.320272975718,765737.6755380561,0.6501897269694166
2020-12-16,4523325.5432644,51432.555748341336,26167.931095478947,21633.320448740506,778503.9895066825,0.648966257238468
2020-12-17,4509447.0819945,51896.819527875516,26431.63400737884,21874.390170904095,791413.4143629791,0.6469572496570102
2020-12-18,4495475.805951989,52340.135224715006,26680.92003650538,22105.879440776902,804460.5994096599,0.6465291050905654
2020-12-19,4481406.929222259,52770.628048067825,26918.908055321965,22327.497083673807,817639.3776543221,0.6460163692045877
2020-12-20,4467261.613921481,53172.562738456734,27145.629925041467,22539.856040005972,830943.6774386562,0.6447040487677428
2020-12-21,4453049.08746632,53545.16368212535,27358.860536518267,22742.762928487835,844367.4654501901,0.6440321247270849
2020-12-22,4438775.15591822,53889.92594892113,27558.170001736602,22935.678603321343,857904.4095914448,0.643490132287991
2020-12-23,4424470.879654473,54185.68182558647,27741.0716118371,23117.785580537005,871547.9213912047,0.6403306949934586
2020-12-24,4410157.779630132,54425.87828770977,27902.19298458042,23286.822887284638,885290.6662739343,0.6386385161656266
2020-12-25,4395823.638993009,54634.546066940566,28041.021460718315,23440.32496277875,899123.8085802004,0.6380694043777811
2020-12-26,4381467.935405152,54818.37414676099,28161.5419957954,23577.68809426201,913037.8004216744,0.6371001082166811
2020-12-27,4367112.08544635,54963.87770298909,28264.587226689157,23699.308007439824,927023.481680175,0.6353915200898579
2020-12-28,4352763.2367410045,55074.56087212055,28348.662775278157,23805.073005293583,941071.8066699358,0.6351355298293022
2020-12-29,4338410.623498399,55168.51234719981,28415.629200298663,23895.164413734605,955173.4106040085,0.63545684960052
2020-12-30,4324067.404222413,55237.146730088396,28468.567699689167,23970.925582126132,969319.2958293288,0.6342682697821798
2020-12-31,4309756.24816285,55266.485336702564,28506.045872007453,24033.29271761995,983501.2679744674,0.6332063357953621
2021-01-01,4295484.204864639,55259.03983756842,28526.65370717636,24082.142401502624,997711.2992527502,0.6324817979634083
2021-01-02,4281290.441197041,55186.81525175601,28527.991285712615,24116.958563297743,1011941.1337658326,0.628866995133066
2021-01-03,4267173.476723747,55068.57212712039,28504.197211255247,24135.42495089253,1026181.6690506287,0.6292827909275791
2021-01-04,4253111.192305278,54932.50626912766,28460.595191427718,24136.477042686412,1040422.5692551176,0.6284850110423394
2021-01-05,4239106.811768455,54781.16557019056,28400.473071868633,24121.15308601419,1054653.7365671122,0.6291039408192373
2021-01-06,4225151.8825683715,54624.79487537997,28329.0097583677,24091.65439050859,1068865.9984710116,0.6300427330671664
2021-01-07,4211264.054373224,54448.58715368391,28248.30280867568,24050.646472549895,1083051.749255505,0.6297818510544136
2021-01-08,4197460.867482834,54241.82032794028,28156.54769209001,23999.476238250987,1097204.6283225308,0.6294933015002729
2021-01-09,4183749.545348218,54004.59466693063,28052.33436898796,23938.32725893345,1111318.5384205668,0.6291609931242846
2021-01-10,4170133.5504467296,53740.57175035313,27934.97850546729,23866.982242635033,1125387.2571184568,0.6291032218154088
2021-01-11,4156613.438607355,53455.25636827265,27804.924100892407,23785.260009871123,1139404.4609772519,0.6293346430013125
2021-01-12,4143188.45839762,53154.10570427259,27663.512440181774,23693.345028816988,1153363.9184927507,0.6299781030191626
2021-01-13,4129857.9416963505,52841.16603186789,27512.582869555117,23591.922518133506,1167259.7269477341,0.6307984827696715
2021-01-14,4116625.1852103304,52516.11478480783,27353.542028440697,23481.954482174264,1181086.5435578916,0.6316035559887985
2021-01-15,4103499.631542436,52172.97018853565,27186.81290056514,23364.30230393958,1194839.6231281725,0.6317862679385582
2021-01-16,4090491.743156422,51806.470639001665,27011.281245323662,23239.20554086482,1208514.6394820265,0.6318693304651292
2021-01-17,4077606.100961249,51417.917601903144,26825.7812430793,23106.262887630364,1222107.2773697819,0.6321748617514151
2021-01-18,4064841.5258842926,51013.64617565516,26630.23274948295,22965.00396034647,1235612.9312938682,0.6327575422375608
2021-01-19,4052197.8965346203,50597.062341849494,26426.043855536023,22815.50937411991,1249026.8279575175,0.6332989197459926
2021-01-20,4039680.02068818,50166.46515637107,26214.151658563977,22658.297986357516,1262344.4045741714,0.633610180834569
2021-01-21,4027293.892169444,49719.66531055625,25994.57198561,22493.793907780888,1275561.4166902478,0.633840246710332
2021-01-22,4015047.583817586,49253.077493564284,25766.767693530433,22322.092550328263,1288673.818508632,0.6337202502358937
2021-01-23,4002944.3446655665,48768.519378570294,25530.005301601195,22142.935582488866,1301677.5351354084,0.6338982067443452
2021-01-24,3990986.736035322,48267.4655020484,25284.645559965495,21956.15387426051,1314568.3390920532,0.6337761676703304
2021-01-25,3979175.9125113115,47752.82432076467,25030.900083753993,21761.738698853867,1327341.9644489596,0.6341167708482529
2021-01-26,3967509.743312797,47229.251167074915,24770.120758998753,21560.00960255708,1339994.215222215,0.6344555333529234
2021-01-27,3955990.168168289,46696.93679780384,24503.399708337984,21351.60999940942,1352521.2253898063,0.6347950624902442
2021-01-28,3944620.20987177,46155.00732752257,24231.37743164431,21137.19355341874,1364919.5518792856,0.6349241907206941
2021-01-29,3933405.497915288,45600.49101729973,23954.01995120777,20917.234252315564,1377186.0969275315,0.634775982211498
2021-01-30,3922350.780102902,45032.078322497306,23670.712164005752,20691.85707687331,1389317.9123973579,0.6345442229378842
2021-01-31,3911456.452892199,44452.46641147926,23381.38593108047,20461.008908700038,1401312.0259201836,0.6345286778095167
2021-02-01,3900722.0544179203,43864.41637178787,23086.62019784102,20224.775607474177,1413165.4734686206,0.634518148143989
2021-02-02,3890148.591011189,43268.84117728826,22787.05255297693,19983.43303930279,1424875.4222828865,0.6345020335547477
2021-02-03,3879738.5406878637,42665.09848733791,22483.12188306499,19737.332666226426,1436439.2463391458,0.6343786292805762
2021-02-04,3869493.7039027037,42053.46218721601,22174.912155236496,19486.73405323274,1447854.5277652573,0.6342871850080201
2021-02-05,3859413.8434041524,41435.92956812491,21862.738576673997,19231.825394177453,1459119.0031205164,0.6340914998378882
2021-02-06,3849499.4789160383,40813.29377556531,21547.137130363495,18972.88906205359,1470230.5411796228,0.6339121266321402
2021-02-07,3839752.582127052,40184.830218905256,21228.469504745284,18710.28812702288,1481187.1700859165,0.6335559047061255
2021-02-08,3830174.4399662605,39550.67715838021,20906.82173926375,18444.313322563252,1491987.0878771767,0.6332097723302821
2021-02-09,3820766.316439649,38910.83877830429,20582.36953930115,18175.18917308747,1502628.6261332938,0.6326771579953281
2021-02-10,3811528.195373428,38266.57848637162,20255.245406965758,17903.085954080147,1513110.2348428008,0.6323036055068342
2021-02-11,3802458.4009685786,37620.241978769925,19925.99112528548,17628.22477865733,1523430.4812123498,0.6319463533315469
2021-02-12,3793555.1050310456,36973.886413180255,19595.28212872067,17350.96432371621,1533588.1021669789,0.6317671658085635
2021-02-13,3784817.4450976686,36328.11860648076,19263.896405899937,17071.802767471356,1543582.077186127,0.6314338874501358
2021-02-14,3776248.0058368095,35680.41306769666,18932.03204694932,16791.216854779057,1553411.6722574034,0.6307517730904892
2021-02-15,3767849.2023550784,35029.07578527922,18599.295242694952,16509.424384550508,1563076.3422960332,0.6298465427677685
2021-02-16,3759619.905020056,34375.97111644561,18265.46749574142,16226.4361125413,1572575.5603188535,0.6291868227339095
2021-02-17,3751558.0195229114,33723.233567657975,17930.964741144613,15942.34547148983,1581908.7767604396,0.6285133858907703
2021-02-18,3743662.523257045,33071.62051153391,17596.267411084253,15657.39223417614,1591075.536649804,0.6278351913663246
2021-02-19,3735931.5440925425,32422.52208491909,17261.83978963791,15371.880977068207,1600075.5531194753,0.6274130625436843
2021-02-20,3728362.608890288,31777.594911055276,16928.232927595975,15086.172880633814,1608908.7304540658,0.6269381705578733
2021-02-21,3720957.593762438,31134.02021966755,16595.844299472683,14800.689171991035,1617575.1926100745,0.6257794740870217
2021-02-22,3713717.781927754,30490.473982146,16264.216111890932,14515.624543149883,1626075.2434987025,0.6248159920299148
2021-02-23,3706641.143856478,29848.639846309827,15933.332968689705,14231.009515612111,1634409.2138765464,0.6238247567356391
2021-02-24,3699725.8182724463,29209.82919193939,15603.346127962863,13946.902478539447,1642577.4439927577,0.6229076409034155
2021-02-25,3692969.3925867635,28575.40641882547,15274.740296247413,13663.474618975082,1650580.3261428268,0.6219708381697208
2021-02-26,3686367.505561703,27948.280787749365,14948.13955926159,13381.018146023649,1658418.3960089087,0.6215319652522622
2021-02-27,3679916.288496284,27330.03834452665,14624.563509355647,13100.022212672802,1666092.4275008035,0.620962783299275
2021-02-28,3673618.824365113,26715.7855137207,14304.203458562453,12821.004343643868,1673603.522382603,0.6196795516153805
2021-03-01,3667476.175132584,26103.90988617008,13986.215115579565,12544.06056890291,1680952.9793604023,0.6184537750339093
2021-03-02,3661484.886525846,25496.854198428344,13670.482671675756,12269.058579169687,1688142.0580885243,0.6172603415955877
2021-03-03,3655642.7493581376,24895.438872451865,13357.218041262257,11995.974517914232,1695171.9592738755,0.6160632086294908
2021-03-04,3649947.7208119915,24300.160530331952,13046.67089801119,11724.893284446027,1702043.8945388629,0.6148565224412338
2021-03-05,3644394.785388989,23714.142395487455,12739.287942423642,11455.983706651881,1708759.1406300922,0.614277812324855
2021-03-06,3638979.474678511,23139.06993516759,12436.027421610797,11189.638315224174,1715319.1297131293,0.6135634138382066
2021-03-07,3633703.3069366626,22571.010258050643,12137.133718315492,10926.323163781604,1721725.5659868272,0.6121071499586265
2021-03-08,3628566.9032272007,22007.942261121294,11841.974081004217,10666.18415262987,1727980.3363416863,0.6106680997028859
2021-03-09,3623567.751902394,21450.931855107534,11550.22592332164,10409.121458032965,1734085.3089247872,0.6092248310179321
2021-03-10,3618703.5148341376,20900.655063283688,11261.86063018167,10155.035116673007,1740042.2744193682,0.6077803027391616
2021-03-11,3613971.8482097164,20357.638866517504,10976.981233336297,9903.89393038883,1745852.9778236812,0.6063352913562959
2021-03-12,3609367.53210596,19824.93665858789,10695.94724392194,9655.756869733666,1751519.1671854348,0.6056291582319284
2021-03-13,3604885.773903849,19304.303661287024,10419.649577860799,9410.921437936004,1757042.691482709,0.6048146055045084
2021-03-14,3600527.5663552294,18792.029332998187,10148.3315606302,9169.785214414362,1762425.627600378,0.6031696712995657
2021-03-15,3596293.301613139,18285.99042106761,9881.37908065171,8932.459680540756,1767670.2092682393,0.6015314787350483
2021-03-16,3592180.3623835556,17787.07855098538,9618.439862499177,8698.82078286353,1772778.638483737,0.5999033256004506
2021-03-17,3588186.217447977,17295.90943153538,9359.447300621307,8468.73916003272,1777753.0267234705,0.598281875659432
2021-03-18,3584308.4494179995,16812.857458087266,9104.45928447324,8242.150290932803,1782595.4236121515,0.5966583474437088
2021-03-19,3580542.0523220315,16340.597833312533,8853.757433480512,8019.071924385711,1787307.8605504343,0.595863529483233
2021-03-20,3576882.3439834844,15880.699546951379,8608.117539979128,7799.739282432019,1791892.4397107929,0.5949815260618503
2021-03-21,3573329.952994173,15429.720141362064,8367.73256475038,7584.481861386321,1796351.4525019669,0.5931887803033681
2021-03-22,3569885.0169317573,14985.634236248869,8132.004143410553,7373.3681127261225,1800687.3166395032,0.5914080390453429
2021-03-23,3566544.98359876,14549.1329895792,7900.570443996767,7166.2501702552,1804902.4028610555,0.5896283708981003
2021-03-24,3563307.4079646124,14120.659326937794,7673.320908270277,6962.9729944623905,1808998.9788693604,0.5878633001620861
2021-03-25,3560169.890516182,13700.512823072546,7450.2641758060345,6763.438751252377,1812979.2337973302,0.5861069377701515
2021-03-26,3557127.7209124425,13291.053649365382,7231.6203042368525,6567.626412996472,1816845.3187846008,0.5852573318749751
2021-03-27,3554176.500655469,12893.642625834273,7018.054142969932,6375.713910954158,1820599.4287284247,0.5843299183893411
2021-03-28,3551316.5981684336,12505.151388145825,6809.71273882698,6187.9675985045415,1824243.9101697295,0.5824203494599071
2021-03-29,3548547.9959987537,12123.683107195251,6606.031434113621,6004.422417427933,1827781.207106152,0.5805275452618645
2021-03-30,3545868.284439651,11749.779350723757,6406.651369397436,5824.918099978586,1831213.7068038916,0.578643677965631
2021-03-31,3543275.200404138,11383.728344656729,6211.436676769162,5649.2855822226975,1834543.6890558603,0.5767599261115034
2021-04-01,3540766.538589961,11025.703964967424,6020.348432800694,5477.402824900604,1837773.3462510067,0.5748861094748302
2021-04-02,3538338.0064602736,10677.759450084464,5833.542944303429,5309.214152574815,1840904.8170564044,0.5740140531812868
2021-04-03,3535985.5801016837,10341.077865968931,5651.579974504438,5144.84307624015,1843940.259045246,0.5730679895628301
2021-04-04,3533709.424958787,10012.899826761324,5474.57167987844,4984.496551891202,1846881.9470463293,0.5710860755525425
2021-04-05,3531509.4045438427,9691.515210326788,5302.007918569665,4828.1836823130825,1849732.2287085925,0.5691184637549149
2021-04-06,3529383.305225548,9377.346906004554,5133.5527143493655,4675.74479579094,1852493.390421955,0.5671725322345977
2021-04-07,3527329.055201011,9070.59470255776,4969.064303041206,4527.013015727731,1855167.6128413046,0.5652245522076021
2021-04-08,3525344.670017463,8771.338803580658,4808.48107102234,4381.861363530076,1857756.9888080477,0.5632869028015715
2021-04-09,3523426.412433495,8481.251604320541,4651.9058626186825,4240.218210461462,1860263.551952749,0.5623875435289662
2021-04-10,3521570.7691700193,8201.287261168403,4499.783042147971,4102.162863178856,1862689.3377271339,0.5614318955840748
2021-04-11,3519777.731325067,7929.1103000556395,4352.1854998543995,3967.846164007445,1865036.4667746588,0.5594113481490263
2021-04-12,3518047.059467754,7663.249682910672,4208.666801097199,3837.2553901626347,1867307.108721717,0.5574080675418615
2021-04-13,3516376.7800385808,7404.026777847124,4068.9249753948648,3710.237675653598,1869503.3705961683,0.5554583803430491
2021-04-14,3514765.0384173943,7151.581403307919,3932.8245682177408,3586.635593267085,1871627.2600814616,0.5535021286827491
2021-04-15,3513210.095500021,6905.921429349669,3800.295245105336,3466.3265496372637,1873680.7013395287,0.5515546928410229
2021-04-16,3511708.7847158154,6668.365729422747,3671.397386341384,3349.232960634743,1875665.5592714278,0.5506737354857213
2021-04-17,3510258.1153336936,6439.662215005643,3546.472981758444,3235.4000659781,1877583.6894672047,0.549744079040561
2021-04-18,3508857.9741308065,6217.865305752206,3425.5619989563625,3124.932152938677,1879437.0064751932,0.5477301585753948
2021-04-19,3507508.0727323503,6001.73318849139,3308.2793413446907,3017.8002367198633,1881227.4545647334,0.5457305866752227
2021-04-20,3506206.750109699,5791.458152507226,3194.3548368073416,2913.8605779477207,1882956.9163866814,0.5437512906718939
2021-04-21,3504952.429661281,5587.114182591974,3083.6502751716416,2812.963875013707,1884627.182069587,0.541792750611594
2021-04-22,3503743.6199006285,5388.681429792404,2976.087872038019,2714.989362040537,1886239.9614991492,0.5398330455014394
2021-04-23,3502577.696534999,5197.188845285649,2871.695712705373,2619.8540711349656,1887796.904899523,0.5389704278597667
2021-04-24,3501452.1581635615,5013.227971372699,2770.7340184228697,2527.5757797870288,1889299.6441305077,0.5380682206628218
2021-04-25,3500366.8423969015,4835.203979916239,2673.222077811121,2438.2225174111804,1890749.849091602,0.5360621533514813
2021-04-26,3499321.476144568,4662.0691186323975,2578.8334092912046,2351.7563017601974,1892149.2050893893,0.5340692761371227
2021-04-27,3498314.6862533605,4493.936761114389,2487.331477476515,2268.0462552759245,1893499.3393164214,0.5320896570389649
2021-04-28,3497345.162199261,4330.83857166208,2398.587119358204,2186.956488440213,1894801.7956849192,0.5301308177650556
2021-04-29,3496411.6517394064,4172.746439721606,2312.522647916356,2108.3746090042137,1896058.044627599,0.5281813724019546
2021-04-30,3495512.0137533564,4020.457124458879,2229.148508103266,2032.2203974747267,1897269.500280242,0.5273283907200077
2021-05-01,3494644.1963211116,3874.4338643628616,2148.6600070477216,1958.495385310136,1898437.5544858112,0.5264718892779819
2021-05-02,3493807.993247911,3733.4133762814904,2071.0672258134573,1887.2434157272696,1899563.6227979076,0.5245168919416426
2021-05-03,3493003.1408836693,3596.5396027401143,1996.1049451248061,1818.4264791922749,1900649.1281529132,0.5225707572993648
2021-05-04,3492228.510522552,3463.8772121322463,1923.5760594472997,1751.933136165525,1901695.443133344,0.5206448442010164
2021-05-05,3491483.02335684,3335.4314352652796,1853.3680053365354,1687.6476222738397,1902703.869643926,0.5187443862556331
2021-05-06,3490765.6549349707,3211.1574598530324,1785.4086826364596,1625.4725021139507,1903675.646484067,0.5168529414318124
2021-05-07,3490074.6975102555,3091.6499845448056,1719.6944160802375,1565.3352864009335,1904611.9628663652,0.5160514376390286
2021-05-08,3489408.5099451756,2977.2521430897464,1656.366024338873,1507.2269955001457,1905513.9849555395,0.5152594092819897
2021-05-09,3488766.8734057085,2866.979888949984,1595.4228285442903,1451.1720054754508,1906382.8919349588,0.5134000203558451
2021-05-10,3488149.532629354,2760.1586479639723,1536.652531348709,1397.1324033289447,1907219.8638516453,0.5115534764955165
2021-05-11,3487555.5753360516,2656.818621401144,1479.8945926439717,1345.0142619715473,1908026.0372515698,0.509730897625619
2021-05-12,3486984.1379218204,2556.939249554592,1425.0528428669388,1294.720473916569,1908802.4895754869,0.5079263993577043
2021-05-13,3486434.4027366787,2460.463653222116,1372.0610574209102,1246.1677000447494,1909550.2449162789,0.5061328783900202
2021-05-14,3485905.0276701865,2367.83043487429,1320.9062104460188,1199.2915576656364,1910270.2841904697,0.5054072106780149
2021-05-15,3485394.71781884,2279.292832075928,1271.6872674286906,1154.076592163769,1910963.565553137,0.5047080511035366
2021-05-16,3484903.261889482,2194.094566564105,1224.3973881042566,1110.5337434577489,1911631.0524760312,0.5029815963926272
2021-05-17,3484430.4298077594,2111.708817252305,1178.868856563286,1068.6274943320338,1912273.7050877323,0.5012715595094933
2021-05-18,3483975.5034653065,2032.1375284804833,1134.972257927053,1028.2801124821415,1912892.446699454,0.49957746484884524
2021-05-19,3483537.8038302567,1955.3473375828437,1092.6258267944838,989.4111660516588,1913488.151902952,0.4979031329594722
2021-05-20,3483116.6845879,1881.282977953507,1051.7712689064558,951.9504901919078,1914061.6507386884,0.49624152897576373
2021-05-21,3482711.106731086,1810.2631053669395,1012.3912777805075,915.8424977581197,1914613.7364516547,0.49562502864827057
2021-05-22,3482320.0647747098,1742.4710198021776,974.5541321411027,881.0689626988332,1915145.1811742918,0.495041514226219
2021-05-23,3481943.368840819,1677.331635294583,938.249770880256,847.6322855816079,1915656.7575310734,0.4934805718374533
2021-05-24,3481580.822935426,1614.4369102878695,903.3470745892434,815.5005554157216,1916149.2325879245,0.49193364596792394
2021-05-25,3481231.8713790462,1553.772850845143,869.74273598404,784.6102456054014,1916623.3428521608,0.4903955508615586
2021-05-26,3480895.9888090356,1495.3015807003776,837.3688249561199,754.8956222068052,1917079.7852267355,0.4888754124626183
2021-05-27,3480572.673347782,1438.9726412585808,806.1754439590229,726.2985902735508,1917519.2200403723,0.48737143877185285
2021-05-28,3480261.1368578686,1385.010403394654,776.1437449537227,698.7721502234274,1917942.276907199,0.48684575164324023
2021-05-29,3479960.613328135,1333.5441522891208,747.3187458735515,672.2972781008334,1918349.5665592442,0.48637282006764343
2021-05-30,3479670.93791457,1284.1451224334076,719.6890631091126,646.8707985718942,1918741.6971649674,0.48498023730890266
2021-05-31,3479391.9487860217,1236.5024456548388,693.153802462899,622.4647822556443,1919119.2702472487,0.48360169424488825
2021-06-01,3479123.221146764,1190.5961049607645,667.6322345052188,599.0282201404985,1919482.862357276,0.48222786838558596
2021-06-02,3478864.353178188,1146.3901119007899,643.0697409511671,576.508601794711,1919833.0184307948,0.48086955756650673
2021-06-03,3478614.9635761958,1103.8380654182315,619.4251506329284,554.8591875495717,1920170.2540838497,0.47952255853693454
2021-06-04,3478374.461367815,1063.097129772943,596.6800917128596,534.0414676401844,1920495.0600067019,0.4790921129729968
2021-06-05,3478142.2677367222,1024.2597898076785,574.8640876574675,514.0376785168869,1920807.9107709383,0.4787241261135933
2021-06-06,3477918.2448273306,987.009600827272,553.9663415228476,494.8422088910977,1921109.2770850658,0.47750596203857915
2021-06-07,3477702.2614715607,951.1132264717312,533.9104612864921,476.4317983469687,1921399.6231059786,0.47629706825422924
2021-06-08,3477493.996175614,916.549798762471,514.6344567641482,458.76648508458186,1921679.3931474197,0.47509692535900344
2021-06-09,3477293.1454239693,883.2870189009843,496.09547727664335,441.8052963288118,1921949.0068471725,0.47390808978282417
2021-06-10,3477099.4218702503,851.2853155070873,478.26046407486905,425.511528776097,1922208.8608850387,0.47272784361142495
2021-06-11,3476912.3844972765,820.6555205143237,461.11326730036785,409.85454776697253,1922459.3322307877,0.47240210888919043
2021-06-12,3476731.599146768,791.4638114083207,444.6733695203569,394.8190694764455,1922700.7846664744,0.4721487433837686
2021-06-13,3476556.9526996464,763.4788527250786,428.9315206417457,380.3990402819003,1922933.5779503498,0.47111716307659907
2021-06-14,3476388.3407038217,736.5267704507811,413.83064405391843,366.575872046808,1923158.0660732684,0.47009377498889193
2021-06-15,3476225.5224950626,710.5873265909266,399.3236936152144,353.3189034338331,1923374.5876449347,0.4690775815619041
2021-06-16,3476068.2700102646,685.6335146591506,385.3774845435831,340.5967022252485,1923583.4623519487,0.4680737995751243
2021-06-17,3475916.3676979607,661.6331268388108,371.96608716157067,328.38095322917235,1923784.9921984568,0.4670752764192725
2021-06-18,3475769.4891271987,638.6633616475633,359.0759046273482,316.647781939471,1923979.4638882272,0.4668619529510616
2021-06-19,3475627.3108626856,616.771419778804,346.7196222096239,305.38454995661067,1924167.153609003,0.46672651754377054
2021-06-20,3475489.7416612483,595.7893951673251,334.88963609468925,294.58555340228844,1924348.3338177274,0.46588993625686076
2021-06-21,3475356.6992966994,575.5887398131933,323.54366217371995,284.23623566276126,1924523.272129291,0.46505974103860226
2021-06-22,3475228.0043198057,556.151607757624,312.6463753013261,274.3133611651308,1924692.2243996134,0.4642368659065814
2021-06-23,3475103.4863463137,537.4560084941926,302.17244044620475,264.79312630828287,1924855.4321420765,0.46342484775206394
2021-06-24,3474982.98476826,519.4760911741694,292.10179888712975,255.65398673194565,1925013.1234185863,0.46261548819354276
2021-06-25,3474866.2592460867,502.26531221987926,282.4233244123241,246.87761165476522,1925165.514569272,0.4625159355011809
2021-06-26,3474753.0696776044,485.8576545200699,273.1451963249293,238.45383895612858,1925312.813696239,0.46250087390064987
2021-06-27,3474643.3427615515,470.13246663262174,264.2614642535917,230.37770541048505,1925455.2256657912,0.4618641190370901
2021-06-28,3474537.0140557215,454.99536106494827,255.74114718218522,222.63806071790617,1925592.9514389639,0.4612324693546027
2021-06-29,3474433.950284401,440.4311147171335,247.557991012147,215.21754358425315,1925726.183129932,0.46060737035738614
2021-06-30,3474334.024620627,426.42211967955853,239.69285208039844,208.09834972358402,1925855.1021215331,0.4599916230369758
2021-07-01,3474237.1177069107,412.9479971352826,232.1303948312083,201.2642791630719,1925979.879685604,0.4593761386924565
2021-07-02,3474143.0532608307,400.04545262018326,224.86170221191225,194.70142812253746,1926100.6782198625,0.45939097907886145
2021-07-03,3474051.6534248237,387.73912463621303,217.89196729903614,188.40178638869165,1926217.6537604926,0.45949647527238374
2021-07-04,3473962.8590783305,375.94339181335397,211.21671169993755,182.36123269308425,1926330.9596491037,0.4590636304412465
2021-07-05,3473876.6194625613,364.58951873539024,204.81352593615162,176.57138780977667,1926440.7461685995,0.4586347677099636
2021-07-06,3473792.835670156,353.6647819083957,198.6631036040127,171.01945942065606,1926547.157048558,0.45821177823597764
2021-07-07,3473711.413305971,343.1552534531612,192.75112045986216,165.6922928571774,1926650.3280908952,0.45779671510915376
2021-07-08,3473632.2636584956,333.0450156297528,187.06596203689372,160.5778436364972,1926750.3875838472,0.45737974299448575
2021-07-09,3473555.2578489315,323.3588067399937,181.6005634720205,155.66567680173424,1926847.4571677025,0.45750959806669284
2021-07-10,3473480.2642608806,314.11453277529216,176.3580908872493,150.94955833743458,1926941.6536207634,0.45773615794025474
2021-07-11,3473407.2345931847,305.2525133695289,171.33527998493784,146.4261529999604,1927033.0915241085,0.45751190348773
2021-07-12,3473336.128287407,296.7232164007853,166.5161800970556,142.08926973613833,1927121.8831100005,0.4572906807091272
2021-07-13,3473266.8717896976,288.51606489172366,161.88675752950127,137.9296191573987,1927208.1358323677,0.457074773589361
2021-07-14,3473199.394638023,280.6200752706059,157.43638317936072,133.9376006293125,1927291.95136654,0.4568654826408362
2021-07-15,3473133.6306874705,273.0228443770577,153.1563157062559,130.10435040346923,1927373.4258656884,0.45665235280448224
2021-07-16,3473069.4860539315,265.7403952575608,149.04096810865167,126.42209956341982,1927452.650546779,0.4568982378324977
2021-07-17,3473006.8633885332,258.78565947395947,145.09207045914184,122.88601464064448,1927529.7129305375,0.4572470986425216
2021-07-18,3472945.7223399426,252.11825444242263,141.30730661609778,119.49341211283615,1927604.6987505301,0.45723751278409736
2021-07-19,3472886.0296832705,245.7030531933467,137.67558732196952,116.239786109063,1927677.6919537457,0.45723019124992154
2021-07-20,3472827.730428414,239.53120015444358,134.18686460971108,113.11850543729213,1927748.7730650292,0.45722777166302375
2021-07-21,3472770.7716370565,233.59398539164403,130.83331570361017,110.12266084061861,1927818.0184646435,0.45723081530041404
2021-07-22,3472715.1036480987,227.8817069587513,127.6083873055631,107.24579712411564,1927885.500524152,0.45722835823511054
2021-07-23,3472660.658431015,222.40385821417968,124.50762778707869,104.48216624784845,1927951.2879803837,0.4575920939296745
2021-07-24,3472607.3640456186,217.16957111499653,121.53168635277623,101.8279993429661,1928015.446761212,0.4580656356906436
2021-07-25,3472555.185694888,212.15298604181658,118.6789557340521,99.28110821150811,1928078.041318767,0.45827901161036
2021-07-26,3472504.0951570133,207.32987445380064,115.94202615878734,96.83826174247079,1928139.1347442772,0.45849408124043306
2021-07-27,3472454.050933461,202.69268610304087,113.31386957604208,94.49483798717561,1928198.7877365171,0.45871379318017985
2021-07-28,3472405.012812959,198.2344147455495,110.7887866581635,92.24595922488157,1928257.0580900507,0.458937991492722
2021-07-29,3472356.9430675725,193.94739639290358,108.3618769057005,90.08698514583642,1928314.0007376245,0.45915532289827715
2021-07-30,3472309.7928454867,189.8360370380495,106.02953260543612,88.01368698682275,1928369.6679615227,0.45963989456419124
2021-07-31,3472263.50911483,185.90644413640598,103.79152624308308,86.02307889045338,1928424.1098995442,0.4602419994676076
2021-08-01,3472218.060631937,182.14392218036872,101.64676033626365,84.11331789664474,1928477.3754312932,0.46068964078356506
2021-08-02,3472173.4222692116,178.53263172374577,99.59065129869683,82.28212671818022,1928529.5123846927,0.4611386085634287
2021-08-03,3472129.5622354588,175.0659572697301,97.61848387819289,80.52640847367174,1928580.5669785584,0.46159210830811287
2021-08-04,3472086.4494570135,171.73813398437227,95.72617137299324,78.84282601737611,1928630.5834752528,0.46204928582455523
2021-08-05,3472044.054729203,168.5430157346323,93.91005992899174,77.22810994043513,1928679.604148835,0.4624985594172381
2021-08-06,3472002.3435370713,165.4808372597428,92.1671486885944,75.67917184119,1928727.6693687828,0.4631084476602034
2021-08-07,3471961.2770107826,162.5551797143991,90.49643890939073,74.19358236060242,1928774.817851874,0.46384493134666277
2021-08-08,3471920.825739587,159.76023344539934,88.89718701175272,72.76971185533941,1928821.0871917459,0.4645421420251098
2021-08-09,3471880.96607116,157.0868093999106,87.3670418906198,71.4059956455312,1928866.5141455475,0.4652405641286651
2021-08-10,3471841.673070589,154.52891354938032,85.90310071401858,70.10051314401142,1928911.1344656511,0.46594361735768836
2021-08-11,3471802.922081225,152.08166217502455,84.50251978014519,68.85111457128254,1928954.98268589,0.46664975771860573
2021-08-12,3471764.689830381,149.74003110846644,83.16259366504634,67.65558011639716,1928998.0920283725,0.46734731660218076
2021-08-13,3471726.952651111,147.50060470055777,81.88074037558171,66.5116842724411,1929040.4943831882,0.46808907235681857
2021-08-14,3471689.6823817887,145.36473148195506,80.65522473770832,65.41737624862805,1929082.2203493826,0.4689683713936161
2021-08-15,3471652.849870782,143.33405761634387,79.48554055013523,64.37112747724397,1929123.2994672211,0.4699358281604588
2021-08-16,3471616.431471027,141.4049143341874,78.37118380214879,63.37191212797765,1929163.7605823535,0.47090470276934715
2021-08-17,3471580.4069023216,139.57166698014564,77.31073009450702,62.4187475061599,1929203.6320167484,0.47187859765723084
2021-08-18,3471544.755802198,137.83003879521667,76.30232360775088,61.51042946914248,1929242.9414695702,0.47285528887341977
2021-08-19,3471509.4587930543,136.1758371501477,75.34399758596956,60.64556568054143,1929281.7158701697,0.47382314003582426
2021-08-20,3471474.500556097,134.60219905788293,74.43344196792005,59.82259827436819,1929319.9812682478,0.47470617090024186
2021-08-21,3471439.861273757,133.10823446324255,73.56815161788356,59.03971520406721,1929357.762688603,0.47573614631111627
2021-08-22,3471405.5107757864,131.70208816077331,72.74772301717675,58.29538008849144,1929395.0840965922,0.4769934185110267
2021-08-23,3471371.424113689,130.3849325147165,71.97322422259445,57.588958788609276,1929431.968834431,0.4782526906641017
2021-08-24,3471337.58391393,129.1513349221506,71.24448336428972,56.920227391202495,1929468.4401040336,0.47951773198665976
2021-08-25,3471303.9724075547,127.99746022103312,70.5604644810886,56.288754695448624,1929504.52097669,0.48078565541009727
2021-08-26,3471270.5724661443,126.91976873763456,69.91980470935434,55.693822288897096,1929540.23420176,0.4820449536135088
2021-08-27,3471237.3752618055,125.90800783364718,69.32036656349592,55.134407452447945,1929575.602019991,0.48307828710782447
2021-08-28,3471204.36796899,124.95861517402285,68.75879923475027,54.60883309135933,1929610.6458471545,0.48425402911191656
2021-08-29,3471171.5189792495,124.08510298781489,68.23456535418653,54.115437314406805,1929645.385978735,0.48579500865408315
2021-08-30,3471138.801238324,123.29298158826113,67.74997588988194,53.653799116285654,1929679.8420687225,0.4873388287393248
2021-08-31,3471106.1989388405,122.57707726774147,67.30589771354606,53.224254861561825,1929714.0338949563,0.4888894206073792
2021-09-01,3471073.6956162215,121.93399194830212,66.90199234640889,52.8269778824482,1929747.981485245,0.49044325986438453
2021-09-02,3471041.2751471507,121.3607929210284,66.53742342716603,52.46179380102717,1929781.704906338,0.4919890513588643
2021-09-03,3471008.9335932946,120.84413001705575,66.21019710755387,52.12811969036555,1929815.2240235351,0.49316851627453273
2021-09-04,3470976.663566928,120.37792133327045,65.91617054008894,51.8243664211664,1929848.55803842,0.4944831604444908
2021-09-05,3470944.43118994,119.98053043411964,65.65465695476165,51.54872719640527,1929881.7249591248,0.49629794550968864
2021-09-06,3470912.2064546435,119.66144538468055,65.42909237683274,51.30095093238167,1929914.74212031,0.4981166200084431
2021-09-07,3470879.9739661487,119.41572865148198,65.24128900199047,51.08186780488719,1929947.627212034,0.49994326233038017
2021-09-08,3470847.7174169784,119.24039390744728,65.09154614384252,50.89219018032401,1929980.3985164317,0.5017737424220845
2021-09-09,3470815.420553287,119.13308342186194,64.9795137457125,50.732231800672764,1930013.074681384,0.5035970678192395
2021-09-10,3470783.0830768123,119.07742861810965,64.90332029139715,50.60180476639003,1930045.674433155,0.5049164231971248
2021-09-11,3470750.7017321335,119.06493299896977,64.85804190958376,50.49938001948503,1930078.2159765835,0.5063644713720079
2021-09-12,3470718.2391620325,119.11880421715253,64.84286099214454,50.42299492169643,1930110.7162414752,0.508445958246536
2021-09-13,3470685.661247218,119.25245390011567,64.86234612218794,50.37256482677163,1930143.191451575,0.5105325716397219
2021-09-14,3470652.9518553917,119.46113087362454,64.919249288744,50.34940903447036,1930175.6584190566,0.5126285094511991
2021-09-15,3470620.0936629064,119.7422412609228,65.01449892866897,50.35477065737243,1930208.1348898874,0.5147290640984421
2021-09-16,3470587.0690974738,120.0939985989686,65.14822541418611,50.38944176989698,1930240.6393003827,0.5168236513300555
2021-09-17,3470553.8805268668,120.49681592936436,65.3186602675333,50.453618455549794,1930273.1904421228,0.5182779440318642
2021-09-18,3470520.5278420285,120.93966169553933,65.52003447675325,50.545806166444855,1930305.8067192796,0.5198545379596923
2021-09-19,3470486.9686703817,121.45097668176162,65.75139755457296,50.663857400919944,1930338.5051616242,0.5221969693773689
2021-09-20,3470453.1632392295,122.04836807545372,66.01854465982098,50.80785843240366,1930371.302053245,0.5245458852373414
2021-09-21,3470419.093424858,122.72723804656354,66.32523546315123,50.97964864928836,1930404.2145166278,0.5269055608813398
2021-09-22,3470384.739585337,123.48540078435555,66.67306867751427,51.18103425491012,1930437.2609745916,0.5292707424553276
2021-09-23,3470350.081486878,124.32168772448982,67.06268818304633,51.41331357970917,1930470.4608872777,0.5316313980483107
2021-09-24,3470315.12334141,125.21284982260974,67.49241974378728,51.67708687205301,1930503.8343657972,0.5332160649367188
2021-09-25,3470279.8673979975,126.14499942750501,67.9555222192008,51.97087323799335,1930537.4012707593,0.5349161383227681
2021-09-26,3470244.2643081266,127.15259355412161,68.45089891256468,52.292298335122794,1930571.179964713,0.5375136055774073
2021-09-27,3470208.266616155,128.25803745946686,68.98575793848326,52.64163703017308,1930605.1880150596,0.5401189864526514
2021-09-28,3470171.852731988,129.4568841241858,69.56501405006753,53.02132020652285,1930639.4441132692,0.5427365774705804
2021-09-29,3470134.9991437183,130.7474203057973,70.19103393181143,53.433794901301745,1930673.9686707924,0.5453606283341152
2021-09-30,3470097.6813312843,132.1292078989985,70.86505426944417,53.88093629011733,1930708.7835339012,0.5479818193722187
2021-10-01,3470059.9045684575,133.57464723725602,71.5855032558768,54.36380533764519,1930743.9115393544,0.5496919719084311
2021-10-02,3470021.672766918,135.06646701643118,72.34447940066357,54.880922646715476,1930779.3754276535,0.551509567282748
2021-10-03,3469982.9270691117,136.64635150967231,73.1407192602302,55.42963500805649,1930815.1962887556,0.5543546521243603
2021-10-04,3469943.609656401,138.3424732001651,73.98313479286949,56.010441530334326,1930851.3943577248,0.5572091387957379
2021-10-05,3469903.6936291647,140.15057861529652,74.8780345859639,56.62648343135459,1930887.9913378516,0.5600772688475578
2021-10-06,3469863.149649647,142.06955789472696,75.82871825020668,57.28097937588113,1930925.0111584808,0.5629528526157884
2021-10-07,3469821.9468424832,144.09990244980565,76.83715137141974,57.976502470774285,1930962.4796648617,0.5658274422588694
2021-10-08,3469780.0906820013,146.20870335417047,77.90189698160079,58.714674951551785,1931000.4241063606,0.5676573241173706
2021-10-09,3469737.586035924,148.37454335084027,79.01363895073571,59.49401950885429,1931038.8718259118,0.5695850225697057
2021-10-10,3469694.36122603,150.64804171081792,80.17092134230691,60.3115431362024,1931077.848331419,0.572667441311053
2021-10-11,3469650.3445110936,153.06454197847674,81.38477536669713,61.16802818200953,1931117.3782070186,0.5757607802847684
2021-10-12,3469605.5012793164,155.62009281331316,82.66325279533558,62.06750280004491,1931157.4879359188,0.57886914448985
2021-10-13,3469559.793803705,158.31441118944062,84.01083521405101,63.014153009626575,1931198.2068605195,0.5819859595347232
2021-10-14,3469513.1821257346,161.14923321099383,85.43042625775108,64.01143373091341,1931239.56684471,0.5851037939150144
2021-10-15,3469465.670841014,164.0850650307162,86.92079046121637,65.06168484189722,1931281.6016822949,0.587046137614478
2021-10-16,3469417.2649426693,167.09529404126857,88.47086665759232,66.16345013528748,1931324.3455101387,0.5890743636390521
2021-10-17,3469367.875573852,170.24177604001505,90.07897495685312,67.31332743482763,1931367.8304113613,0.5923793934855404
2021-10-18,3469317.41233281,173.56895826999616,91.75883183575485,68.51247093140115,1931412.087469793,0.5956968033318076
2021-10-19,3469265.82969769,177.07338587222364,93.52071638964348,69.7660432852874,1931457.150220407,0.5990304799871627
2021-10-20,3469213.078131713,180.7559462081776,95.370644949758,71.07947345013791,1931503.055867318,0.6023735247812556
2021-10-21,3469159.1049421015,184.6200854952552,97.31275978673543,72.45735979137041,1931549.8449164703,0.6057196529901832
2021-10-22,3469103.912386761,188.61806390224888,99.34613806467354,73.90298605104505,1931597.5604888615,0.6077647415148331
2021-10-23,3469047.5045110104,192.7166545547781,101.45754991781678,75.41496014120494,1931646.2463880193,0.6098807504923995
2021-10-24,3468989.7695577894,196.99195883724437,103.64504785155788,76.98939063927867,1931695.944108524,0.6133872486307961
2021-10-25,3468930.592183951,201.50010914026842,105.92577884611339,78.62792621321199,1931746.6940654882,0.6169073942889841
2021-10-26,3468869.9116750653,206.23845641917075,108.31289680467711,80.33719635362867,1931798.5398389949,0.6204448001673529
2021-10-27,3468807.662098645,211.2095611593956,110.8144338643131,82.1242455065036,1931851.5297244706,0.6239923230824432
2021-10-28,3468743.7731245314,216.41924342621076,113.43618706165375,83.99517312470358,1931905.7163355015,0.6275449395069469
2021-10-29,3468678.2426219764,221.80939997230485,116.17771718936855,85.95452089181656,1931961.1558036201,0.6296795347573475
2021-10-30,3468611.072225351,227.33829881802504,119.02309169318814,88.00103657697011,1932017.905411209,0.6318663130816203
2021-10-31,3468542.1198315965,233.10011547835728,121.9700302283454,90.13024751564033,1932076.0198388258,0.635544593801123
2021-11-01,3468471.236907253,239.16603066673198,125.04006332224402,92.3444581383184,1932135.5526042583,0.6392374550489175
2021-11-02,3468398.3418358923,245.53465846895062,128.25006061133027,94.65219634332381,1932196.5613123272,0.6429481802051086
2021-11-03,3468323.3461868167,252.21092787177193,131.61070418732538,97.06260972820417,1932259.1096350346,0.6466694729063498
2021-11-04,3468246.155467258,259.2039377912779,135.1300001904873,99.5837713902878,1932323.2668870103,0.6503976952859707
2021-11-05,3468166.7602564013,266.4425771056447,138.80823801718586,102.22190118465366,1932389.1070909356,0.6526038940672103
2021-11-06,3468085.157754801,273.87412167541606,142.6261188288433,104.97600402635052,1932456.7060643127,0.6548390385249422
2021-11-07,3468001.165998296,281.6155321980254,146.58092296567213,107.84091892527667,1932526.1366912602,0.6586486773460459
2021-11-08,3467914.5926271146,289.75728879406745,150.69973807109412,110.81980478076456,1932597.470604879,0.6624733542719906
2021-11-09,3467825.3276331616,298.2999004916568,155.0042018715666,113.9236254546545,1932670.78470266,0.6663159533445124
2021-11-10,3467733.252115076,307.251574157928,159.50844868839079,117.16424500776141,1932746.1636807146,0.6701691132311094
2021-11-11,3467638.238902791,316.6258634233292,164.22339978931828,120.55230947250357,1932823.6995881659,0.6740307307609662
2021-11-12,3467540.2672484205,326.33542495283683,169.15040010630636,124.09625524137999,1932903.4907349246,0.6762847883901457
2021-11-13,3467439.327187007,336.3133015527927,174.26597030377988,127.79550830958459,1932985.638096474,0.6785393772599185
2021-11-14,3467335.185126216,346.70474829947517,179.56676049078538,131.64408794612294,1933070.2393406902,0.6824270297914002
2021-11-15,3467227.591584909,357.62469785373327,185.08677697322028,135.64622587211252,1933157.390778033,0.6863295698833997
2021-11-16,3467116.398625678,369.07636744824237,190.85367180824719,139.8159492429542,1933247.1954494608,0.6902493923259853
2021-11-17,3467001.4468010063,381.07234121743875,196.88598809230479,144.16856544523668,1933339.7663678762,0.6941791280482401
2021-11-18,3466882.5655385344,393.63204754940364,203.19840417493563,148.71800935672746,1933435.226064024,0.6981183867983646
2021-11-19,3466759.7173292395,406.6481233483493,209.79371794913408,153.47558154288143,1933533.7053115629,0.700389582138992
2021-11-20,3466632.8815124216,420.035235025291,216.64329131016993,158.44133324128157,1933635.3386916416,0.7026272346107194
2021-11-21,3466501.7590724197,433.97285792911066,223.74279484391718,163.60828965303065,1933740.257048799,0.7065248015275174
2021-11-22,3466366.027609681,448.6062152301974,231.13458299998916,168.98194634081804,1933848.5897093841,0.7104363849602644
2021-11-23,3466225.4896859806,463.9421803416954,238.85366948717638,174.58004909561845,1933960.4744787395,0.714363826247601
2021-11-24,3466079.933209876,479.99891150028657,246.92404384278618,180.4221297331603,1934076.061768687,0.7182997958306737
2021-11-25,3465929.1314140963,496.80325331947904,255.3650496968816,186.52618979473874,1934195.5141567336,0.7222457591750864
2021-11-26,3465773.0230726013,514.2236267359197,264.1813585481475,192.90710112371485,1934319.0049046306,0.724495706720573
2021-11-27,3465611.572588948,532.1511712970299,273.3380359580347,199.56575637821425,1934446.712511063,0.7266722560671034
2021-11-28,3465444.400766917,550.8049958840346,282.82914058043224,206.49393560628772,1934578.8112246532,0.73049601005257
2021-11-29,3465271.095034943,570.3664902946234,292.7065933836037,213.6984633428521,1934715.473481673,0.7343321741632477
2021-11-30,3465091.39547582,590.8471191226561,303.01398961620794,221.20134303601668,1934856.8821360434,0.7381820310274562
2021-12-01,3464905.0240078326,612.2716694668808,313.7817017033982,229.02702011075783,1935003.2356645323,0.7420383623352617
2021-12-02,3464711.6837256765,634.6757582820763,325.03454180498295,237.19826390924604,1935154.7477739663,0.7459044805745063
2021-12-03,3464511.2814295543,657.8993958131996,336.77938537728426,245.73415649951053,1935311.6456963925,0.7480871702882377
2021-12-04,3464303.762127444,681.8040357554823,348.97374406052097,254.63658944126428,1935474.163566939,0.7501509646061255
2021-12-05,3464088.6533469786,706.651456937088,361.60894293745406,263.8957080234705,1935642.530608767,0.7538016717965329
2021-12-06,3463865.4363171416,732.663748375534,374.74693027160697,273.5194183154978,1935816.9736495425,0.7574624351566618
2021-12-07,3463633.776055605,759.8575626059686,388.44051757011147,283.5341190511052,1935997.7318088112,0.7611339708481182
2021-12-08,3463393.3159835697,788.2647279780513,402.7269260339225,293.96947115421204,1936185.0629549092,0.7648092931119806
2021-12-09,3463143.6764690015,817.930053636935,417.636777605037,304.853350447272,1936379.243412952,0.768492560900348
2021-12-10,3462884.724521573,848.6611049505635,433.1790683426487,316.20933734096997,1936580.566031444,0.7705498672128519
2021-12-11,3462616.3841121276,880.2813448730742,449.3021688583468,328.0401876699242,1936789.3322501185,0.7724317295165279
2021-12-12,3462338.0851450916,913.0915317624389,465.99224654914315,340.3335721057439,1937005.8375681336,0.7757817211589656
2021-12-13,3462049.195271639,947.3541677378464,483.3195428258803,353.0973063933178,1937230.373775047,0.7791342235440418
2021-12-14,3461749.299231794,983.08901432305,501.3447246619753,366.3610660099903,1937463.2460268554,0.7824880970029383
2021-12-15,3461437.9586000605,1020.331794468303,520.1104015309865,380.1586621148046,1937704.7806054654,0.7858364018688766
2021-12-16,3461114.7067962084,1059.1349895213525,539.6515418168981,394.5219962914804,1937955.3247398036,0.7891918721856821
2021-12-17,3460779.364672029,1099.274369395696,559.9783775845217,409.4781761179801,1938215.2444685143,0.79104065685823
2021-12-18,3460431.835604007,1140.5295475364514,581.0293033840782,425.0300723595522,1938484.9155363494,0.7926606531231258
2021-12-19,3460071.463027615,1183.2266395664267,602.7824309274104,441.1618032722508,1938764.7061622587,0.7955736012224068
2021-12-20,3459697.5088669737,1227.6615454288615,625.3119990169015,457.879121454541,1939054.9785307685,0.7984873779235125
2021-12-21,3459309.4793243604,1273.8568695344404,648.6834820133904,475.2126252132269,1939356.1077625267,0.8014007881475143
2021-12-22,3458906.8579395856,1321.8501998334657,672.9427691017756,493.1981840670599,1939668.4909710546,0.804305845146551
2021-12-23,3458489.0990142287,1371.6966398464133,698.1270832178386,511.8699263119442,1939992.5474000394,0.8072152099237941
2021-12-24,3458055.9784782687,1423.1426011843696,724.2459926793265,531.2567961182195,1940328.716195396,0.8087952872693961
2021-12-25,3457607.37953518,1475.9256324651017,751.2279096738476,551.3606521565201,1940677.4463341697,0.8101183262646562
2021-12-26,3457142.5805993453,1530.3800445047575,779.0410765648377,572.1612352917564,1941039.177107941,0.8125224203126915
2021-12-27,3456660.7631343487,1586.8196736630248,807.7583054309437,593.6603335339897,1941414.3386166685,0.8149237228061178
2021-12-28,3456161.3728994727,1645.2640889402344,837.4447755851355,615.8864968317913,1941803.3718028192,0.8173213409043953
2021-12-29,3455643.836014755,1705.7461203468424,868.1451577940139,638.8743608199027,1942206.7384099264,0.8197086263389997
2021-12-30,3455107.5488849427,1768.317965201848,899.894872490172,662.6569584613053,1942624.9213825467,0.822098856829085
2021-12-31,3454552.248769783,1832.7061627607818,932.7004670005066,687.2620296080273,1943058.4226344952,0.8233748345735044
